agencies,locations,Medicare-certified HH,Licensed-only HH,Hospice,PAS only,County,total_pop,seniors,CBSA,certified_per_10k_seniors,agencies_per_100k_pop,census,census_reporting_pct
12,13,6,0,5,1,Anderson,58439,8865,"Palestine, TX",6.768,20.534,2048,92.3
3,3,1,0,1,1,Andrews,18610,1806,"Andrews, TX",5.537,16.12,53,66.7
27,29,10,6,6,6,Angelina,87275,14722,"Lufkin, TX",6.793,30.937,3028,86.2
3,3,2,0,1,0,Aransas,24876,7054,"Corpus Christi, TX",2.835,12.06,448,100.0
0,0,0,0,0,0,Archer,8867,1932,"Wichita Falls, TX",0.0,0.0,0,0.0
0,0,0,0,0,0,Armstrong,1822,459,"Amarillo, TX",0.0,0.0,0,0.0
3,3,1,1,1,0,Atascosa,51008,7768,"San Antonio-New Braunfels, TX",1.287,5.881,302,66.7
5,5,1,0,1,3,Austin,31170,6556,"Houston-Pasadena-The Woodlands, TX",1.525,16.041,257,60.0
0,0,0,0,0,0,Bailey,6913,1361,Rural Texas,0.0,0.0,0,0.0
0,0,0,0,0,0,Bandera,22021,6554,"San Antonio-New Braunfels, TX",0.0,0.0,0,0.0
10,10,2,2,4,2,Bastrop,106582,16402,"Austin-Round Rock-San Marcos, TX",1.219,9.382,2605,80.0
2,2,1,0,0,1,Baylor,3485,950,Rural Texas,10.526,57.389,218,100.0
5,6,3,0,2,1,Bee,31083,3950,"Beeville, TX",7.595,16.086,1170,100.0
59,59,14,11,16,18,Bell,386897,46147,"Killeen-Temple, TX",3.034,15.25,10661,79.7
490,503,82,110,152,150,Bexar,2067341,266184,"San Antonio-New Braunfels, TX",3.081,23.702,65766,73.4
0,0,0,0,0,0,Blanco,12446,3285,Rural Texas,0.0,0.0,0,0.0
0,0,0,0,0,0,Borden,713,123,Rural Texas,0.0,0.0,0,0.0
2,2,1,0,1,0,Bosque,18687,4785,"Waco, TX",2.09,10.703,53,100.0
29,30,10,5,9,6,Bowie,92115,16165,"Texarkana, TX-AR",6.186,31.482,2845,83.3
105,108,18,23,16,48,Brazoria,391255,50224,"Houston-Pasadena-The Woodlands, TX",3.584,26.837,10006,56.5
41,42,10,7,10,15,Brazos,242311,24712,"College Station-Bryan, TX",4.047,16.92,2706,83.3
2,2,1,1,0,0,Brewster,9503,2515,Rural Texas,3.976,21.046,297,100.0
0,0,0,0,0,0,Briscoe,1301,320,Rural Texas,0.0,0.0,0,0.0
5,5,3,0,0,2,Brooks,6943,1497,"Alice, TX",20.04,72.015,238,100.0
14,14,5,1,5,3,Brown,38347,8062,"Brownwood, TX",6.202,36.509,2436,100.0
0,0,0,0,0,0,Burleson,18857,4170,"College Station-Bryan, TX",0.0,0.0,0,0.0
14,14,4,1,5,4,Burnet,52652,12426,Rural Texas,3.219,26.59,1945,100.0
0,0,0,0,0,0,Caldwell,48669,7446,"Austin-Round Rock-San Marcos, TX",0.0,0.0,0,0.0
2,2,2,0,0,0,Calhoun,19868,3815,"Port Lavaca, TX",5.242,10.066,125,100.0
0,0,0,0,0,0,Callahan,14241,2985,"Abilene, TX",0.0,0.0,0,0.0
207,210,33,32,17,125,Cameron,426120,60919,"Brownsville-Harlingen, TX",5.417,48.578,27041,72.4
4,4,2,0,1,1,Camp,12798,2401,"Mount Pleasant, TX",8.33,31.255,637,75.0
0,0,0,0,0,0,Carson,5801,1196,"Amarillo, TX",0.0,0.0,0,0.0
5,5,3,1,1,0,Cass,28568,6432,Rural Texas,4.664,17.502,671,80.0
0,0,0,0,0,0,Castro,7344,1376,Rural Texas,0.0,0.0,0,0.0
2,2,1,0,0,1,Chambers,51498,6491,"Houston-Pasadena-The Woodlands, TX",1.541,3.884,115,100.0
3,3,2,0,0,1,Cherokee,51886,9527,"Jacksonville, TX",2.099,5.782,98,66.7
3,3,2,0,1,0,Childress,6743,1154,Rural Texas,17.331,44.491,79,100.0
1,1,1,0,0,0,Clay,10495,2455,"Wichita Falls, TX",4.073,9.528,63,100.0
0,0,0,0,0,0,Cochran,2550,368,"Lubbock, TX",0.0,0.0,0,0.0
0,0,0,0,0,0,Coke,3353,906,Rural Texas,0.0,0.0,0,0.0
1,1,1,0,0,0,Coleman,7833,2053,Rural Texas,4.871,12.767,34,100.0
388,392,90,98,56,145,Collin,1163337,134714,"Dallas-Fort Worth-Arlington, TX",6.681,33.352,15863,51.0
1,1,1,0,0,0,Collingsworth,2588,628,Rural Texas,15.924,38.64,18,100.0
1,1,1,0,0,0,Colorado,21006,4910,Rural Texas,2.037,4.761,31,100.0
37,39,5,10,5,18,Comal,183826,34386,"San Antonio-New Braunfels, TX",1.454,20.128,3131,66.7
0,0,0,0,0,0,Comanche,13950,3338,Rural Texas,0.0,0.0,0,0.0
0,0,0,0,0,0,Concho,3328,659,Rural Texas,0.0,0.0,0,0.0
9,9,4,0,2,3,Cooke,43046,8136,"Gainesville, TX",4.916,20.908,814,77.8
4,4,1,1,1,1,Coryell,84748,9621,"Killeen-Temple, TX",1.039,4.72,101,25.0
0,0,0,0,0,0,Cottle,1368,317,Rural Texas,0.0,0.0,0,0.0
0,0,0,0,0,0,Crane,4610,719,Rural Texas,0.0,0.0,0,0.0
0,0,0,0,0,0,Crockett,2822,537,Rural Texas,0.0,0.0,0,0.0
1,1,1,0,0,0,Crosby,5041,967,"Lubbock, TX",10.341,19.837,16,100.0
0,0,0,0,0,0,Culberson,2195,641,Rural Texas,0.0,0.0,0,0.0
0,0,0,0,0,0,Dallam,7298,815,Rural Texas,0.0,0.0,0,0.0
1043,1061,366,198,158,325,Dallas,2621179,309055,"Dallas-Fort Worth-Arlington, TX",11.843,39.791,82571,70.3
2,2,1,1,0,0,Dawson,12134,1687,Rural Texas,5.928,16.483,185,100.0
2,2,2,0,0,0,DeWitt,20016,4060,Rural Texas,4.926,9.992,7,100.0
1,1,0,0,1,0,Deaf Smith,18460,2435,"Hereford, TX",0.0,5.417,117,100.0
0,0,0,0,0,0,Delta,5438,1110,Rural Texas,0.0,0.0,0,0.0
219,219,54,41,29,95,Denton,979561,113125,"Dallas-Fort Worth-Arlington, TX",4.773,22.357,8013,58.0
0,0,0,0,0,0,Dickens,1747,467,Rural Texas,0.0,0.0,0,0.0
1,1,0,0,0,1,Dimmit,8380,1358,Rural Texas,0.0,11.933,88,100.0
1,1,1,0,0,0,Donley,3257,818,Rural Texas,12.225,30.703,110,100.0
5,5,3,0,1,1,Duval,9742,1656,Rural Texas,18.116,51.324,1084,100.0
4,5,2,1,1,0,Eastland,18011,3950,Rural Texas,5.063,22.209,221,60.0
24,24,9,6,3,6,Ector,164654,16258,"Odessa, TX",5.536,14.576,2527,87.5
0,0,0,0,0,0,Edwards,1290,238,Rural Texas,0.0,0.0,0,0.0
230,236,60,39,26,108,El Paso,870779,114171,"El Paso, TX",5.255,26.413,37076,81.4
40,40,7,7,6,20,Ellis,213160,27788,"Dallas-Fort Worth-Arlington, TX",2.519,18.765,2688,55.0
5,6,1,1,2,1,Erath,43794,6497,"Stephenville, TX",1.539,11.417,551,83.3
2,2,1,0,0,1,Falls,17291,3341,"Waco, TX",2.993,11.567,101,100.0
3,3,2,1,0,0,Fannin,37326,6767,"Bonham, TX",2.956,8.037,169,100.0
4,4,3,0,1,0,Fayette,25042,6734,Rural Texas,4.455,15.973,220,100.0
0,0,0,0,0,0,Fisher,3655,761,Rural Texas,0.0,0.0,0,0.0
0,0,0,0,0,0,Floyd,5216,995,"Plainview, TX",0.0,0.0,0,0.0
0,0,0,0,0,0,Foard,991,316,Rural Texas,0.0,0.0,0,0.0
656,657,122,234,86,214,Fort Bend,893767,112289,"Houston-Pasadena-The Woodlands, TX",10.865,73.397,15531,56.9
3,3,2,1,0,0,Franklin,10632,2375,Rural Texas,8.421,28.217,2221,100.0
4,4,1,0,2,1,Freestone,20049,4037,Rural Texas,2.477,19.951,360,75.0
5,5,1,0,2,2,Frio,18582,2302,Rural Texas,4.344,26.908,296,80.0
0,0,0,0,0,0,Gaines,22232,2151,Rural Texas,0.0,0.0,0,0.0
50,51,14,11,11,14,Galveston,358990,56604,"Houston-Pasadena-The Woodlands, TX",2.473,13.928,2708,74.5
1,1,1,0,0,0,Garza,5118,763,"Lubbock, TX",13.106,19.539,42,100.0
7,7,2,1,2,2,Gillespie,27524,8301,"Fredericksburg, TX",2.409,25.432,356,85.7
0,0,0,0,0,0,Glasscock,1068,159,Rural Texas,0.0,0.0,0,0.0
0,0,0,0,0,0,Goliad,7141,1752,"Victoria, TX",0.0,0.0,0,0.0
3,3,1,0,1,1,Gonzales,19851,3596,Rural Texas,2.781,15.113,82,66.7
4,4,2,0,2,0,Gray,21045,3508,"Pampa, TX",5.701,19.007,214,100.0
55,55,20,8,12,15,Grayson,143337,25876,"Sherman-Denison, TX",7.729,38.371,6059,78.2
48,49,15,6,15,12,Gregg,125480,20175,"Longview, TX",7.435,38.253,6351,83.7
1,1,0,0,0,1,Grimes,31340,5825,Rural Texas,0.0,3.191,0,0.0
6,7,1,0,3,2,Guadalupe,183642,27204,"San Antonio-New Braunfels, TX",0.368,3.267,297,71.4
8,8,4,1,2,1,Hale,32131,4575,"Plainview, TX",8.743,24.898,349,100.0
0,0,0,0,0,0,Hall,2820,688,Rural Texas,0.0,0.0,0,0.0
4,4,1,0,2,1,Hamilton,8406,2095,Rural Texas,4.773,47.585,178,75.0
1,1,0,0,1,0,Hansford,5119,722,Rural Texas,0.0,19.535,1,100.0
0,0,0,0,0,0,Hardeman,3501,759,Rural Texas,0.0,0.0,0,0.0
1,1,0,0,0,1,Hardin,57642,10209,"Beaumont-Port Arthur, TX",0.0,1.735,0,0.0
1538,1573,297,400,249,595,Harris,4838303,567148,"Houston-Pasadena-The Woodlands, TX",5.237,31.788,81942,64.0
11,11,1,0,4,6,Harrison,70155,12284,"Longview, TX",0.814,15.68,290,63.6
1,1,0,0,1,0,Hartley,5215,832,Rural Texas,0.0,19.175,14,100.0
1,1,1,0,0,0,Haskell,5421,1230,Rural Texas,8.13,18.447,22,100.0
40,40,6,3,10,21,Hays,268638,32662,"Austin-Round Rock-San Marcos, TX",1.837,14.89,5543,65.0
2,2,1,0,1,0,Hemphill,3234,744,Rural Texas,13.441,61.843,20,100.0
15,16,8,0,4,3,Henderson,84862,19136,"Athens, TX",4.181,17.676,1620,87.5
453,456,88,84,45,238,Hidalgo,891977,104535,"McAllen-Edinburg-Mission, TX",8.418,50.786,57741,75.2
5,5,2,0,1,2,Hill,37328,7620,Rural Texas,2.625,13.395,231,100.0
4,4,2,0,2,0,Hockley,21363,3284,"Lubbock, TX",6.09,18.724,114,100.0
23,23,4,5,7,7,Hood,65894,16840,"Granbury, TX",2.375,34.905,1454,69.6
12,13,5,1,6,0,Hopkins,37784,7074,"Sulphur Springs, TX",7.068,31.759,786,92.3
4,4,0,1,2,1,Houston,22051,4898,Rural Texas,0.0,18.14,47,25.0
8,8,3,0,2,3,Howard,32290,4322,"Big Spring, TX",6.941,24.775,551,87.5
0,0,0,0,0,0,Hudspeth,3403,370,"El Paso, TX",0.0,0.0,0,0.0
30,30,11,2,10,7,Hunt,108972,16897,"Dallas-Fort Worth-Arlington, TX",6.51,27.53,2240,73.3
2,2,2,0,0,0,Hutchinson,20184,3624,"Borger, TX",5.519,9.909,5,100.0
0,0,0,0,0,0,Irion,1409,309,"San Angelo, TX",0.0,0.0,0,0.0
1,1,0,0,1,0,Jack,8882,1497,Rural Texas,0.0,11.259,85,100.0
2,2,1,0,0,1,Jackson,15152,2994,Rural Texas,3.34,13.2,46,50.0
13,13,5,1,4,3,Jasper,32727,6914,Rural Texas,7.232,39.723,2923,92.3
0,0,0,0,0,0,Jeff Davis,1865,632,Rural Texas,0.0,0.0,0,0.0
80,80,24,11,23,22,Jefferson,253878,39263,"Beaumont-Port Arthur, TX",6.113,31.511,11267,87.5
4,4,1,3,0,0,Jim Hogg,4727,453,Rural Texas,22.075,84.62,854,100.0
23,23,11,5,3,4,Jim Wells,38850,6319,"Alice, TX",17.408,59.202,4608,82.6
38,39,6,6,7,19,Johnson,195597,27436,"Dallas-Fort Worth-Arlington, TX",2.187,19.428,5226,66.7
0,0,0,0,0,0,Jones,20304,3255,"Abilene, TX",0.0,0.0,0,0.0
1,1,1,0,0,0,Karnes,14968,2268,Rural Texas,4.409,6.681,23,100.0
61,61,5,14,11,31,Kaufman,172604,18404,"Dallas-Fort Worth-Arlington, TX",2.717,35.341,1392,50.8
10,10,2,3,1,4,Kendall,48567,9889,"San Antonio-New Braunfels, TX",2.022,20.59,583,80.0
0,0,0,0,0,0,Kenedy,145,57,Rural Texas,0.0,0.0,0,0.0
0,0,0,0,0,0,Kent,734,274,Rural Texas,0.0,0.0,0,0.0
13,13,2,2,3,6,Kerr,53489,15544,"Kerrville, TX",1.287,24.304,2370,61.5
0,0,0,0,0,0,Kimble,4389,1371,Rural Texas,0.0,0.0,0,0.0
0,0,0,0,0,0,King,211,65,Rural Texas,0.0,0.0,0,0.0
0,0,0,0,0,0,Kinney,3157,836,Rural Texas,0.0,0.0,0,0.0
7,8,1,1,2,3,Kleberg,30579,4052,"Kingsville, TX",2.468,22.892,1549,100.0
1,1,1,0,0,0,Knox,3307,619,Rural Texas,16.155,30.239,28,100.0
0,0,0,0,0,0,La Salle,6839,1097,Rural Texas,0.0,0.0,0,0.0
28,28,10,2,8,8,Lamar,50669,9900,"Paris, TX",10.101,55.261,2656,89.3
1,1,1,0,0,0,Lamb,12828,2197,Rural Texas,4.552,7.795,87,100.0
1,1,0,0,0,1,Lampasas,22715,4763,"Killeen-Temple, TX",0.0,4.402,0,0.0
3,3,1,0,1,1,Lavaca,20552,4950,Rural Texas,2.02,14.597,169,100.0
0,0,0,0,0,0,Lee,17971,3578,Rural Texas,0.0,0.0,0,0.0
0,0,0,0,0,0,Leon,16263,3999,Rural Texas,0.0,0.0,0,0.0
7,7,3,0,2,2,Liberty,103380,11905,"Houston-Pasadena-The Woodlands, TX",2.52,6.771,423,71.4
1,1,0,0,1,0,Limestone,22283,4657,Rural Texas,0.0,4.488,45,100.0
0,0,0,0,0,0,Lipscomb,2918,542,Rural Texas,0.0,0.0,0,0.0
0,0,0,0,0,0,Live Oak,11620,2376,Rural Texas,0.0,0.0,0,0.0
1,1,0,0,1,0,Llano,22424,8299,Rural Texas,0.0,4.46,18,100.0
0,0,0,0,0,0,Loving,33,27,Rural Texas,0.0,0.0,0,0.0
64,70,15,15,15,20,Lubbock,318884,42314,"Lubbock, TX",3.545,20.07,6958,77.1
0,0,0,0,0,0,Lynn,5752,915,"Lubbock, TX",0.0,0.0,0,0.0
1,1,1,0,0,0,Madison,13648,2109,Rural Texas,4.742,7.327,107,100.0
2,2,1,1,0,0,Marion,9737,2618,Rural Texas,3.82,20.54,159,100.0
1,1,1,0,0,0,Martin,5218,570,"Midland, TX",17.544,19.164,340,100.0
1,1,1,0,0,0,Mason,3955,1392,Rural Texas,7.184,25.284,38,100.0
4,4,3,0,1,0,Matagorda,36329,6607,"Bay City, TX",4.541,11.01,272,100.0
22,22,5,5,4,8,Maverick,58082,6975,"Eagle Pass, TX",7.168,37.877,4358,72.7
1,1,0,0,1,0,McCulloch,7514,1778,Rural Texas,0.0,13.308,0,100.0
40,42,8,7,14,11,McLennan,266067,40771,"Waco, TX",1.962,15.034,6562,90.5
0,0,0,0,0,0,McMullen,700,121,Rural Texas,0.0,0.0,0,0.0
5,5,1,1,1,2,Medina,53547,9493,"San Antonio-New Braunfels, TX",1.053,9.338,552,40.0
1,1,1,0,0,0,Menard,1955,653,Rural Texas,15.314,51.151,33,100.0
24,24,7,2,7,8,Midland,174801,18782,"Midland, TX",3.727,13.73,3173,91.7
2,2,1,0,0,1,Milam,25567,5588,Rural Texas,1.79,7.823,65,50.0
1,1,0,0,1,0,Mills,4511,1168,Rural Texas,0.0,22.168,25,100.0
1,1,1,0,0,0,Mitchell,9018,1317,Rural Texas,7.593,11.089,85,100.0
4,4,2,0,1,1,Montague,21046,4593,Rural Texas,4.354,19.006,220,75.0
133,138,20,35,39,39,Montgomery,684432,94057,"Houston-Pasadena-The Woodlands, TX",2.126,19.432,9391,65.2
1,1,0,0,1,0,Moore,21373,2394,"Dumas, TX",0.0,4.679,140,100.0
0,0,0,0,0,0,Morris,12076,2643,"Mount Pleasant, TX",0.0,0.0,0,0.0
0,0,0,0,0,0,Motley,1183,350,Rural Texas,0.0,0.0,0,0.0
10,10,7,1,2,0,Nacogdoches,65162,10242,"Nacogdoches, TX",6.835,15.346,1119,90.0
10,11,5,0,3,3,Navarro,54711,9125,"Corsicana, TX",5.479,18.278,1113,100.0
1,1,1,0,0,0,Newton,12093,2839,Rural Texas,3.522,8.269,171,100.0
2,2,2,0,0,0,Nolan,14454,2823,"Sweetwater, TX",7.085,13.837,271,100.0
95,99,30,19,23,25,Nueces,352955,56776,"Corpus Christi, TX",5.284,26.916,16072,81.8
2,2,1,0,1,0,Ochiltree,9786,1144,Rural Texas,8.741,20.437,35,100.0
0,0,0,0,0,0,Oldham,2249,264,"Amarillo, TX",0.0,0.0,0,0.0
11,13,4,1,3,3,Orange,85307,13769,"Beaumont-Port Arthur, TX",2.905,12.895,302,69.2
5,5,1,1,3,0,Palo Pinto,29295,6008,"Mineral Wells, TX",1.664,17.068,416,80.0
3,3,1,0,1,1,Panola,22726,4613,Rural Texas,2.168,13.201,263,66.7
21,22,7,0,5,9,Parker,165168,26355,"Dallas-Fort Worth-Arlington, TX",2.656,12.714,1181,68.2
1,1,1,0,0,0,Parmer,9731,1522,Rural Texas,6.57,10.276,33,100.0
1,1,1,0,0,0,Pecos,14896,2043,Rural Texas,4.895,6.713,83,100.0
11,11,4,2,5,0,Polk,52800,10101,Rural Texas,3.96,20.833,2236,81.8
38,39,10,14,7,8,Potter,115975,16611,"Amarillo, TX",6.02,32.766,4755,84.6
0,0,0,0,0,0,Presidio,5930,1157,Rural Texas,0.0,0.0,0,0.0
1,1,1,0,0,0,Rains,12775,3150,Rural Texas,3.175,7.828,48,100.0
10,10,0,5,1,4,Randall,146070,23213,"Amarillo, TX",0.0,6.846,1060,40.0
0,0,0,0,0,0,Reagan,3232,332,Rural Texas,0.0,0.0,0,0.0
0,0,0,0,0,0,Real,2802,1062,Rural Texas,0.0,0.0,0,0.0
2,2,2,0,0,0,Red River,11611,3000,"Paris, TX",6.667,17.225,134,100.0
1,1,1,0,0,0,Reeves,12664,1595,"Town of Pecos, TX",6.27,7.896,94,100.0
0,0,0,0,0,0,Refugio,6707,1511,Rural Texas,0.0,0.0,0,0.0
0,0,0,0,0,0,Roberts,832,148,"Pampa, TX",0.0,0.0,0,0.0
2,2,0,0,1,1,Robertson,17167,3576,"College Station-Bryan, TX",0.0,11.65,9,50.0
42,43,10,13,4,16,Rockwall,123617,15613,"Dallas-Fort Worth-Arlington, TX",6.405,33.976,2732,44.2
3,3,2,0,1,0,Runnels,9874,2113,Rural Texas,9.465,30.383,131,100.0
10,10,2,4,2,2,Rusk,52842,9225,"Longview, TX",2.168,18.924,613,90.0
2,2,0,0,1,1,Sabine,10023,3061,Rural Texas,0.0,19.954,260,100.0
0,0,0,0,0,0,San Augustine,7874,2111,Rural Texas,0.0,0.0,0,0.0
0,0,0,0,0,0,San Jacinto,28441,6130,"Houston-Pasadena-The Woodlands, TX",0.0,0.0,0,0.0
4,4,0,0,1,3,San Patricio,70181,10837,"Corpus Christi, TX",0.0,5.7,32,75.0
1,1,0,0,1,0,San Saba,5696,1283,Rural Texas,0.0,17.556,23,100.0
0,0,0,0,0,0,Schleicher,2381,545,Rural Texas,0.0,0.0,0,0.0
3,3,1,0,1,1,Scurry,16488,2564,"Snyder, TX",3.9,18.195,27,66.7
1,1,1,0,0,0,Shackelford,3175,638,Rural Texas,15.674,31.496,58,100.0
4,4,2,0,1,1,Shelby,24155,4457,Rural Texas,4.487,16.56,807,75.0
0,0,0,0,0,0,Sherman,2295,422,Rural Texas,0.0,0.0,0,0.0
68,68,22,16,13,17,Smith,241740,42158,"Tyler, TX",5.218,28.129,7139,83.8
2,2,1,0,0,1,Somervell,9691,1946,Rural Texas,5.139,20.638,131,100.0
32,32,7,6,1,18,Starr,66067,7519,"Rio Grande City-Roma, TX",9.31,48.436,3107,71.9
4,4,0,2,1,1,Stephens,9351,1904,Rural Texas,0.0,42.776,120,100.0
0,0,0,0,0,0,Sterling,1468,230,Rural Texas,0.0,0.0,0,0.0
0,0,0,0,0,0,Stonewall,1227,343,Rural Texas,0.0,0.0,0,0.0
0,0,0,0,0,0,Sutton,3277,631,Rural Texas,0.0,0.0,0,0.0
0,0,0,0,0,0,Swisher,6937,1127,Rural Texas,0.0,0.0,0,0.0
568,579,122,127,89,232,Tarrant,2167390,266889,"Dallas-Fort Worth-Arlington, TX",4.571,26.207,38022,61.8
36,38,11,5,7,13,Taylor,145863,21812,"Abilene, TX",5.043,24.681,9108,78.9
0,0,0,0,0,0,Terrell,835,317,Rural Texas,0.0,0.0,0,0.0
4,4,2,0,2,0,Terry,11629,1882,Rural Texas,10.627,34.397,138,100.0
0,0,0,0,0,0,Throckmorton,1639,434,Rural Texas,0.0,0.0,0,0.0
7,8,3,2,2,1,Titus,31363,4763,"Mount Pleasant, TX",6.299,22.319,796,100.0
26,27,6,1,8,11,Tom Green,119577,20295,"San Angelo, TX",2.956,21.743,2808,77.8
202,209,40,52,35,78,Travis,1330015,146405,"Austin-Round Rock-San Marcos, TX",2.732,15.188,21833,72.7
0,0,0,0,0,0,Trinity,14046,3815,Rural Texas,0.0,0.0,0,0.0
3,3,3,0,0,0,Tyler,20238,4538,Rural Texas,6.611,14.824,245,100.0
1,1,0,0,0,1,Upshur,42567,7863,"Longview, TX",0.0,2.349,0,0.0
0,0,0,0,0,0,Upton,3191,611,Rural Texas,0.0,0.0,0,0.0
7,7,1,2,2,2,Uvalde,24881,4098,"Uvalde, TX",2.44,28.134,858,100.0
16,17,2,4,5,6,Val Verde,47741,6647,"Del Rio, TX",3.009,33.514,2787,88.2
5,5,4,1,0,0,Van Zandt,62649,12751,Rural Texas,3.137,7.981,433,100.0
22,23,7,1,7,7,Victoria,91413,15625,"Victoria, TX",4.48,24.067,2344,87.0
13,15,2,2,4,5,Walker,80209,11123,"Huntsville, TX",1.798,16.208,734,66.7
17,17,0,5,4,8,Waller,61552,7143,"Houston-Pasadena-The Woodlands, TX",0.0,27.619,208,47.1
1,1,0,0,1,0,Ward,11144,1510,Rural Texas,0.0,8.973,0,100.0
8,8,3,2,2,1,Washington,36647,8464,"Brenham, TX",3.544,21.83,853,87.5
126,128,41,19,15,53,Webb,269294,27741,"Laredo, TX",14.78,46.789,12163,83.6
8,8,4,0,2,2,Wharton,41794,7589,"El Campo, TX",5.271,19.142,682,87.5
1,1,1,0,0,0,Wheeler,4862,1005,Rural Texas,9.95,20.568,20,100.0
34,35,13,7,9,6,Wichita,129996,20006,"Wichita Falls, TX",6.498,26.155,6185,88.6
4,4,2,0,2,0,Wilbarger,12616,2499,"Vernon, TX",8.003,31.706,642,100.0
2,2,0,1,0,1,Willacy,20139,2967,"Raymondville, TX",0.0,9.931,48,100.0
101,103,21,15,15,50,Williamson,672688,86908,"Austin-Round Rock-San Marcos, TX",2.416,15.014,9054,58.3
2,2,1,1,0,0,Wilson,52781,9039,"San Antonio-New Braunfels, TX",1.106,3.789,154,50.0
0,0,0,0,0,0,Winkler,7454,933,Rural Texas,0.0,0.0,0,0.0
9,9,2,2,2,3,Wise,75005,11658,"Dallas-Fort Worth-Arlington, TX",1.716,11.999,1349,88.9
2,2,0,0,2,0,Wood,46961,12954,Rural Texas,0.0,4.259,47,100.0
0,0,0,0,0,0,Yoakum,7571,971,Rural Texas,0.0,0.0,0,0.0
8,8,3,2,3,0,Young,18029,3827,Rural Texas,7.839,44.373,526,75.0
5,5,0,3,0,2,Zapata,13841,1950,"Zapata, TX",0.0,36.125,742,60.0
2,2,1,1,0,0,Zavala,9412,1477,Rural Texas,6.77,21.249,151,100.0
